{"ABCS Info": {"Version": 1.0}, "EEG Data": {"Alpha_AF7": {"25%": -0.1700307, "50%": 0.010753885, "75%": 0.2158304, "count": 759960.0, "max": 1.2059999, "mean": 0.051455223764829444, "min": -0.65835947, "std": 0.30343449468480305}, "Alpha_AF8": {"25%": -0.03216163, "50%": 0.1527308, "75%": 0.39910665, "count": 759960.0, "max": 1.3545927, "mean": 0.1920884747762892, "min": -0.74756277, "std": 0.31311304332590967}, "Alpha_TP10": {"25%": 0.09723694599999999, "50%": 0.35591152, "75%": 0.7475272, "count": 759960.0, "max": 2.1404064, "mean": 0.4478772602754376, "min": -0.6922473000000001, "std": 0.4559292878760375}, "Alpha_TP9": {"25%": 0.12246345, "50%": 0.36583787, "75%": 0.6962524, "count": 759960.0, "max": 1.9609189999999999, "mean": 0.42532015525492844, "min": -1.058003, "std": 0.413729856806704}, "Beta_AF7": {"25%": -0.37616238, "50%": -0.25762102, "75%": -0.12124742, "count": 759960.0, "max": 0.8093791, "mean": -0.2127377445436902, "min": -0.7386148, "std": 0.24234065534104265}, "Beta_AF8": {"25%": -0.34217159999999996, "50%": -0.22851420000000003, "75%": -0.09257456, "count": 759960.0, "max": 1.0904412, "mean": -0.19899912667780822, "min": -0.81678706, "std": 0.2221312057945424}, "Beta_TP10": {"25%": -0.05367437, "50%": 0.12974119, "75%": 0.42203614, "count": 759960.0, "max": 1.8889238999999998, "mean": 0.2309696769382518, "min": -0.5746018, "std": 0.3963902511902729}, "Beta_TP9": {"25%": 0.0040424378000000006, "50%": 0.16479205, "75%": 0.35308590000000006, "count": 759960.0, "max": 1.6978927, "mean": 0.21941707475218042, "min": -0.6473507, "std": 0.33462103802541554}, "Delta_AF7": {"25%": -0.20951256, "50%": 0.06429058, "75%": 0.41205767, "count": 759960.0, "max": 1.7495241999999998, "mean": 0.13217570813826038, "min": -1.0608312, "std": 0.4528089178484431}, "Delta_AF8": {"25%": 0.08104588, "50%": 0.38821065, "75%": 0.77657455, "count": 759960.0, "max": 1.7279563000000002, "mean": 0.4361300176730086, "min": -0.80662733, "std": 0.4597668794869268}, "Delta_TP10": {"25%": -0.07441103, "50%": 0.28409594, "75%": 0.6894412, "count": 759960.0, "max": 1.8529272, "mean": 0.3188929475538237, "min": -0.9906447, "std": 0.5041383795579627}, "Delta_TP9": {"25%": -0.017951619, "50%": 0.31600170000000005, "75%": 0.69810504, "count": 759960.0, "max": 1.8775906999999998, "mean": 0.35152658289630945, "min": -1.0042692, "std": 0.4685267242811604}, "Gamma_AF7": {"25%": -0.68409956, "50%": -0.56902486, "75%": -0.41098574, "count": 759960.0, "max": 0.7485430000000001, "mean": -0.5146510949617683, "min": -1.0775774, "std": 0.2580012179268066}, "Gamma_AF8": {"25%": -0.7778046, "50%": -0.64087456, "75%": -0.4510653, "count": 759960.0, "max": 0.94877833, "mean": -0.5910642951480339, "min": -1.370205, "std": 0.2816577850878941}, "Gamma_TP10": {"25%": -0.3636659, "50%": -0.18048958, "75%": 0.08629279599999999, "count": 759960.0, "max": 1.4001344, "mean": -0.08701289951632875, "min": -0.8980966, "std": 0.3911331308136474}, "Gamma_TP9": {"25%": -0.30933449999999996, "50%": -0.13367220000000002, "75%": 0.07174049, "count": 759960.0, "max": 1.6743296000000003, "mean": -0.06345888237004153, "min": -0.8962574000000001, "std": 0.3815972905809726}, "RAW_AF7": {"25%": 846.5567599999999, "50%": 850.58606, "75%": 854.21246, "count": 759960.0, "max": 1650.0, "mean": 849.8297222540707, "min": 0.0, "std": 27.480619923728803}, "RAW_AF8": {"25%": 843.7362699999999, "50%": 848.9743699999999, "75%": 854.61536, "count": 759960.0, "max": 1650.0, "mean": 848.6960176639301, "min": 0.0, "std": 40.97249385826451}, "RAW_TP10": {"25%": 840.1098599999999, "50%": 848.9743699999999, "75%": 857.4359, "count": 759960.0, "max": 1650.0, "mean": 847.6554291274433, "min": 0.0, "std": 32.87328747063274}, "RAW_TP9": {"25%": 839.707, "50%": 848.9743699999999, "75%": 857.8388, "count": 759960.0, "max": 1314.7620000000002, "mean": 847.83107424571, "min": 435.56777999999997, "std": 21.990952931696377}, "Theta_AF7": {"25%": -0.39338762, "50%": -0.1650672, "75%": 0.11772583, "count": 759960.0, "max": 1.3920424, "mean": -0.1103718039630039, "min": -0.95673466, "std": 0.37530792308134603}, "Theta_AF8": {"25%": -0.19070856, "50%": 0.033354774, "75%": 0.35624559999999994, "count": 759960.0, "max": 2.1370122000000005, "mean": 0.11073295896377718, "min": -0.9850197, "std": 0.4189798414657927}, "Theta_TP10": {"25%": -0.23253556, "50%": 0.06313591, "75%": 0.6011065999999999, "count": 759960.0, "max": 1.8435931, "mean": 0.19915016132596475, "min": -0.95016986, "std": 0.5290517350493738}, "Theta_TP9": {"25%": -0.1823485, "50%": 0.11693702, "75%": 0.6163665, "count": 759960.0, "max": 1.9324093999999998, "mean": 0.2279198032616005, "min": -0.9018343000000001, "std": 0.5008068722671096}}, "GUI_Data": {"Mood": "Calm", "checkBox3D": false, "checkBoxAccelGyro": true, "checkBoxAutoReject": false, "checkBoxCoherence": false, "checkBoxDB": false, "checkBoxDataMarkers": true, "checkBoxEEG": false, "checkBoxEEG_PowerBands": true, "checkBoxFilter": false, "checkBoxHFDF5": false, "checkBoxInteractive": true, "checkBoxMellowConcentration": false, "checkBoxMuseDirect": false, "checkBoxPlotMarkers": false, "checkBoxPowerBands": false, "checkBoxSmoothData": true, "checkBoxStatistical": false, "checkBoxVerticalLock": true, "firstName": "Debra", "lastName": "Peri", "plotColorsComboBox": "ABCS Colors", "session_notes": "Add any details about your meditation session.  For example, mood, place, music, etc.\n", "verbosityComboBox": "Quiet"}, "Muse Info": {"Headband Version": "2016"}, "Parameters": {"Analysis Parameters": {"filter_order": 3, "highcut": 30.0, "lowcut": 0.1, "sample_length": 760417, "sample_time_min": 49.50631510416667, "sample_time_sec": 2970.37890625}}, "Participants": {"Coordinators": {"0": {"age": 32, "gender": "female", "name": "Patti"}}, "Helpers": {"0": {"age": 23, "gender": "male", "name": "Oni"}}, "Meditators": {"0": {"age": 63, "gender": "female", "name": "Debra"}, "1": {"age": 38, "gender": "female", "name": "Savahn"}}, "Participants": {"0": {"age": 28, "gender": "male", "name": "Shiloh"}}}, "Session_Data": {"activity": "sitting", "data_file_fname": "data file name", "date": "2020-01-24-18.13.36", "location": "home", "misc": "This field is for misc. data to be stored in the database", "mood": "calm", "session_date": "2019-11-06 14:16:09.099000"}}